ImpulseTime,Direction,RangePts,SpreadAtFreeze,BandWidth,ConfirmType,RejectStage,Baseline,Base,Loose,EntryPrice,SL,ExitPrice,ExitReason,PnL_pips,HoldBars_M1,FreezeTime
2026-02-02 00:15:00,LONG,48.0,96.0,192.0,,RISK_GATE_BAND_DOM,M15_FLAT,M5_FLAT,M5_DIR_MISMATCH(FLAT),,,,,,,2026-02-02 00:16:00
2026-02-02 00:27:00,LONG,257.0,59.0,118.0,,RISK_GATE_BAND_DOM,M15_FLAT,M5_FLAT,M5_DIR_MISMATCH(FLAT),,,,,,,2026-02-02 00:31:00
2026-02-02 00:59:00,SHORT,227.0,19.0,38.0,,STRUCTURE_BREAK,M15_FLAT,M5_FLAT,M5_DIR_MISMATCH(FLAT),,,,,,,2026-02-02 01:00:00
2026-02-02 01:18:00,SHORT,119.0,8.0,16.0,,RETOUCH_TIMEOUT,M15_FLAT,M5_FLAT,M5_DIR_MISMATCH(FLAT),,,,,,,2026-02-02 01:20:00
2026-02-02 02:00:00,SHORT,353.0,8.0,16.0,,RETOUCH_TIMEOUT,M15_FLAT,M5_DIR_MISMATCH(LONG),M5_DIR_MISMATCH(LONG),,,,,,,2026-02-02 02:03:00
2026-02-02 03:24:00,SHORT,162.0,11.0,22.0,,RETOUCH_TIMEOUT,M15_COUNTER,M15_COUNTER,M15_COUNTER,,,,,,,2026-02-02 03:27:00
2026-02-02 05:43:00,SHORT,0.0,0.0,0.0,,FREEZE_CANCEL,M15_FLAT,PASS(STRONG),PASS,,,,,,,
2026-02-02 06:59:00,SHORT,76.0,8.0,16.0,,STRUCTURE_BREAK,PASS,PASS(STRONG),PASS,,,,,,,2026-02-02 07:00:00
2026-02-02 08:08:00,SHORT,182.0,8.0,16.0,,RETOUCH_TIMEOUT,PASS,M5_DIR_MISMATCH(LONG),M5_DIR_MISMATCH(LONG),,,,,,,2026-02-02 08:12:00
2026-02-02 09:32:00,SHORT,88.0,8.0,16.0,,STRUCTURE_BREAK,PASS,PASS(STRONG),PASS,,,,,,,2026-02-02 09:33:00
2026-02-02 10:07:00,SHORT,178.0,10.0,20.0,,STRUCTURE_BREAK,PASS,M5_DIR_MISMATCH(LONG),M5_DIR_MISMATCH(LONG),,,,,,,2026-02-02 10:11:00
2026-02-02 11:37:00,LONG,0.0,0.0,0.0,,FREEZE_CANCEL,M15_COUNTER,M15_COUNTER,M15_COUNTER,,,,,,,
2026-02-02 12:14:00,SHORT,68.0,8.0,16.0,,STRUCTURE_BREAK,PASS,PASS(STRONG),PASS,,,,,,,2026-02-02 12:15:00
2026-02-02 12:57:00,SHORT,78.0,11.0,22.0,,RETOUCH_TIMEOUT,PASS,PASS(STRONG),PASS,,,,,,,2026-02-02 12:58:00
2026-02-02 15:02:00,LONG,105.0,10.0,20.0,,RETOUCH_TIMEOUT,PASS,PASS(STRONG),PASS,,,,,,,2026-02-02 15:04:00
2026-02-02 15:28:00,LONG,113.0,8.0,16.0,Engulfing,,PASS,PASS(STRONG),PASS,155.198,155.105,155.658,TrailStop,460.0,253,2026-02-02 15:32:00
2026-02-02 21:40:00,SHORT,111.0,10.0,20.0,,RETOUCH_TIMEOUT,M15_COUNTER,M15_COUNTER,M15_COUNTER,,,,,,,2026-02-02 21:43:00
2026-02-02 22:43:00,SHORT,0.0,0.0,0.0,,FREEZE_CANCEL,M15_COUNTER,M15_COUNTER,M15_COUNTER,,,,,,,
2026-02-02 22:58:00,SHORT,24.0,8.0,16.0,,RISK_GATE_BAND_DOM,M15_COUNTER,M15_COUNTER,M15_COUNTER,,,,,,,2026-02-02 22:59:00
2026-02-02 23:17:00,LONG,38.0,11.0,22.0,,RISK_GATE_BAND_DOM,PASS,M5_DIR_MISMATCH(SHORT),M5_DIR_MISMATCH(SHORT),,,,,,,2026-02-02 23:19:00
2026-02-02 23:58:00,SHORT,0.0,0.0,0.0,,FREEZE_CANCEL,M15_COUNTER,M15_COUNTER,M15_COUNTER,,,,,,,
2026-02-03 00:30:00,LONG,43.0,39.0,78.0,,RISK_GATE_BAND_DOM,PASS,M5_DIR_MISMATCH(SHORT),M5_DIR_MISMATCH(SHORT),,,,,,,2026-02-03 00:32:00
2026-02-03 00:50:00,SHORT,0.0,0.0,0.0,,FREEZE_CANCEL,M15_COUNTER,M15_COUNTER,M15_COUNTER,,,,,,,
2026-02-03 01:05:00,SHORT,40.0,17.0,34.0,,RISK_GATE_BAND_DOM,M15_COUNTER,M15_COUNTER,M15_COUNTER,,,,,,,2026-02-03 01:06:00
2026-02-03 01:31:00,SHORT,0.0,0.0,0.0,,FREEZE_CANCEL,M15_COUNTER,M15_COUNTER,M15_COUNTER,,,,,,,
2026-02-03 01:42:00,LONG,48.0,13.0,26.0,,RISK_GATE_BAND_DOM,PASS,M5_DIR_MISMATCH(SHORT),M5_DIR_MISMATCH(SHORT),,,,,,,2026-02-03 01:45:00
2026-02-03 01:56:00,SHORT,82.0,8.0,16.0,,STRUCTURE_BREAK,M15_COUNTER,M15_COUNTER,M15_COUNTER,,,,,,,2026-02-03 01:58:00
2026-02-03 02:30:00,LONG,75.0,11.0,22.0,,STRUCTURE_BREAK,PASS,M5_DIR_MISMATCH(SHORT),M5_DIR_MISMATCH(SHORT),,,,,,,2026-02-03 02:31:00
2026-02-03 02:53:00,SHORT,76.0,8.0,16.0,,STRUCTURE_BREAK,M15_FLAT,M5_FLAT,PASS,,,,,,,2026-02-03 02:54:00
2026-02-03 04:16:00,SHORT,0.0,0.0,0.0,,FREEZE_CANCEL,M15_FLAT,PASS(STRONG),PASS,,,,,,,
2026-02-03 05:20:00,SHORT,46.0,8.0,16.0,,RETOUCH_TIMEOUT,M15_FLAT,PASS(STRONG),PASS,,,,,,,2026-02-03 05:21:00
2026-02-03 05:38:00,SHORT,77.0,10.0,20.0,,RETOUCH_TIMEOUT,PASS,PASS(MID),PASS,,,,,,,2026-02-03 05:39:00
2026-02-03 05:54:00,SHORT,45.0,10.0,20.0,,RISK_GATE_BAND_DOM,M15_FLAT,PASS(STRONG),PASS,,,,,,,2026-02-03 05:55:00
2026-02-03 06:46:00,SHORT,49.0,11.0,22.0,,RISK_GATE_BAND_DOM,PASS,PASS(STRONG),PASS,,,,,,,2026-02-03 06:47:00
2026-02-03 07:34:00,SHORT,46.0,10.0,20.0,,RISK_GATE_BAND_DOM,PASS,PASS(STRONG),PASS,,,,,,,2026-02-03 07:35:00
2026-02-03 09:06:00,LONG,55.0,10.0,20.0,,STRUCTURE_BREAK,M15_FLAT,M5_DIR_MISMATCH(SHORT),M5_DIR_MISMATCH(SHORT),,,,,,,2026-02-03 09:07:00
2026-02-03 11:02:00,LONG,68.0,10.0,20.0,,RETOUCH_TIMEOUT,PASS,PASS(STRONG),PASS,,,,,,,2026-02-03 11:03:00
2026-02-03 13:05:00,SHORT,57.0,10.0,20.0,,STRUCTURE_BREAK,M15_COUNTER,M15_COUNTER,M15_COUNTER,,,,,,,2026-02-03 13:06:00
2026-02-03 14:10:00,LONG,54.0,14.0,28.0,,RISK_GATE_BAND_DOM,PASS,PASS(STRONG),PASS,,,,,,,2026-02-03 14:12:00
2026-02-03 14:46:00,SHORT,59.0,11.0,22.0,MicroBreak,,M15_COUNTER,M15_COUNTER,M15_COUNTER,155.817,155.924,155.924,SL_Hit,-106.8,48,2026-02-03 14:48:00
2026-02-03 16:40:00,SHORT,0.0,0.0,0.0,,FREEZE_CANCEL,M15_COUNTER,M15_COUNTER,M15_COUNTER,,,,,,,
2026-02-03 17:01:00,LONG,92.0,8.0,16.0,,STRUCTURE_BREAK,PASS,PASS(STRONG),PASS,,,,,,,2026-02-03 17:02:00
2026-02-03 18:22:00,LONG,0.0,0.0,0.0,,FREEZE_CANCEL,PASS,M5_DIR_MISMATCH(SHORT),M5_DIR_MISMATCH(SHORT),,,,,,,
2026-02-03 19:15:00,SHORT,150.0,11.0,22.0,,RETOUCH_TIMEOUT,PASS,PASS(STRONG),PASS,,,,,,,2026-02-03 19:17:00
2026-02-03 20:45:00,SHORT,83.0,12.0,24.0,,NO_CONFIRM,PASS,M5_DIR_MISMATCH(LONG),M5_DIR_MISMATCH(LONG),,,,,,,2026-02-03 20:47:00
2026-02-03 22:39:00,LONG,62.0,8.0,16.0,,STRUCTURE_BREAK,PASS,PASS(STRONG),PASS,,,,,,,2026-02-03 22:41:00
2026-02-03 22:55:00,SHORT,0.0,0.0,0.0,,FREEZE_CANCEL,M15_FLAT,M5_DIR_MISMATCH(LONG),M5_DIR_MISMATCH(LONG),,,,,,,
2026-02-03 23:59:00,SHORT,130.0,172.0,344.0,,RISK_GATE_BAND_DOM,M15_FLAT,PASS(STRONG),PASS,,,,,,,2026-02-04 00:05:00
2026-02-04 00:11:00,LONG,43.0,40.0,80.0,,RISK_GATE_BAND_DOM,M15_FLAT,M5_DIR_MISMATCH(SHORT),M5_DIR_MISMATCH(SHORT),,,,,,,2026-02-04 00:12:00
2026-02-04 01:00:00,SHORT,60.0,23.0,46.0,,RISK_GATE_BAND_DOM,M15_COUNTER,M15_COUNTER,M15_COUNTER,,,,,,,2026-02-04 01:01:00
2026-02-04 01:15:00,LONG,78.0,14.0,28.0,,STRUCTURE_BREAK,PASS,PASS(STRONG),PASS,,,,,,,2026-02-04 01:20:00
2026-02-04 01:45:00,SHORT,0.0,0.0,0.0,,FREEZE_CANCEL,M15_COUNTER,M15_COUNTER,M15_COUNTER,,,,,,,
2026-02-04 02:03:00,LONG,81.0,12.0,24.0,,RETOUCH_TIMEOUT,PASS,PASS(STRONG),PASS,,,,,,,2026-02-04 02:05:00
2026-02-04 02:53:00,LONG,79.0,8.0,16.0,,RETOUCH_TIMEOUT,PASS,PASS(STRONG),PASS,,,,,,,2026-02-04 02:55:00
2026-02-04 04:05:00,LONG,62.0,10.0,20.0,,STRUCTURE_BREAK,PASS,PASS(STRONG),PASS,,,,,,,2026-02-04 04:06:00
2026-02-04 04:56:00,LONG,29.0,11.0,22.0,,RISK_GATE_BAND_DOM,PASS,PASS(STRONG),PASS,,,,,,,2026-02-04 04:57:00
2026-02-04 05:19:00,LONG,0.0,0.0,0.0,,FREEZE_CANCEL,PASS,PASS(STRONG),PASS,,,,,,,
2026-02-04 05:49:00,LONG,35.0,11.0,22.0,,RISK_GATE_BAND_DOM,PASS,PASS(STRONG),PASS,,,,,,,2026-02-04 05:50:00
2026-02-04 06:19:00,SHORT,0.0,0.0,0.0,,FREEZE_CANCEL,M15_COUNTER,M15_COUNTER,M15_COUNTER,,,,,,,
2026-02-04 07:27:00,SHORT,66.0,12.0,24.0,,STRUCTURE_BREAK,M15_COUNTER,M15_COUNTER,M15_COUNTER,,,,,,,2026-02-04 07:32:00
2026-02-04 07:55:00,LONG,46.0,11.0,22.0,,RISK_GATE_BAND_DOM,PASS,M5_DIR_MISMATCH(SHORT),M5_DIR_MISMATCH(SHORT),,,,,,,2026-02-04 07:57:00
2026-02-04 08:25:00,SHORT,41.0,12.0,24.0,,RISK_GATE_BAND_DOM,M15_COUNTER,M15_COUNTER,M15_COUNTER,,,,,,,2026-02-04 08:26:00
2026-02-04 09:11:00,LONG,71.0,10.0,20.0,,RETOUCH_TIMEOUT,PASS,PASS(STRONG),PASS,,,,,,,2026-02-04 09:14:00
2026-02-04 09:25:00,LONG,0.0,0.0,0.0,,FREEZE_CANCEL,PASS,PASS(STRONG),PASS,,,,,,,
2026-02-04 09:55:00,LONG,34.0,8.0,16.0,,RISK_GATE_BAND_DOM,PASS,PASS(STRONG),PASS,,,,,,,2026-02-04 09:57:00
2026-02-04 11:31:00,LONG,0.0,0.0,0.0,,FREEZE_CANCEL,PASS,PASS(STRONG),PASS,,,,,,,
2026-02-04 11:46:00,LONG,56.0,10.0,20.0,,RETOUCH_TIMEOUT,PASS,PASS(STRONG),PASS,,,,,,,2026-02-04 11:48:00
2026-02-04 12:36:00,SHORT,0.0,0.0,0.0,,FREEZE_CANCEL,M15_COUNTER,M15_COUNTER,M15_COUNTER,,,,,,,
2026-02-04 13:03:00,SHORT,53.0,12.0,24.0,,RISK_GATE_BAND_DOM,M15_COUNTER,M15_COUNTER,M15_COUNTER,,,,,,,2026-02-04 13:04:00
2026-02-04 14:19:00,SHORT,43.0,8.0,16.0,,RETOUCH_TIMEOUT,M15_COUNTER,M15_COUNTER,M15_COUNTER,,,,,,,2026-02-04 14:20:00
2026-02-04 15:03:00,SHORT,61.0,10.0,20.0,,STRUCTURE_BREAK,M15_COUNTER,M15_COUNTER,M15_COUNTER,,,,,,,2026-02-04 15:04:00
2026-02-04 15:15:00,SHORT,125.0,11.0,22.0,,STRUCTURE_BREAK,M15_COUNTER,M15_COUNTER,M15_COUNTER,,,,,,,2026-02-04 15:17:00
2026-02-04 15:42:00,SHORT,0.0,0.0,0.0,,FREEZE_CANCEL,M15_COUNTER,M15_COUNTER,M15_COUNTER,,,,,,,
2026-02-04 16:33:00,SHORT,0.0,0.0,0.0,,FREEZE_CANCEL,M15_COUNTER,M15_COUNTER,M15_COUNTER,,,,,,,
2026-02-04 17:00:00,SHORT,137.0,11.0,22.0,,STRUCTURE_BREAK,M15_COUNTER,M15_COUNTER,M15_COUNTER,,,,,,,2026-02-04 17:01:00
2026-02-04 19:29:00,SHORT,60.0,10.0,20.0,,STRUCTURE_BREAK,PASS,PASS(STRONG),PASS,,,,,,,2026-02-04 19:30:00
2026-02-04 20:48:00,LONG,53.0,11.0,22.0,,RETOUCH_TIMEOUT,PASS,PASS(STRONG),PASS,,,,,,,2026-02-04 20:50:00
2026-02-04 21:04:00,LONG,45.0,10.0,20.0,,RISK_GATE_BAND_DOM,PASS,PASS(STRONG),PASS,,,,,,,2026-02-04 21:05:00
2026-02-04 23:03:00,SHORT,39.0,12.0,24.0,,RISK_GATE_BAND_DOM,M15_COUNTER,M15_COUNTER,M15_COUNTER,,,,,,,2026-02-04 23:06:00
2026-02-04 23:31:00,LONG,22.0,13.0,26.0,,RISK_GATE_BAND_DOM,PASS,PASS(STRONG),PASS,,,,,,,2026-02-04 23:32:00
2026-02-04 23:58:00,SHORT,216.0,87.0,174.0,,RISK_GATE_BAND_DOM,M15_COUNTER,M15_COUNTER,M15_COUNTER,,,,,,,2026-02-05 00:01:00
2026-02-05 00:11:00,LONG,0.0,0.0,0.0,,FREEZE_CANCEL,PASS,M5_DIR_MISMATCH(SHORT),M5_DIR_MISMATCH(SHORT),,,,,,,
2026-02-05 00:45:00,SHORT,94.0,42.0,84.0,,RISK_GATE_BAND_DOM,M15_COUNTER,M15_COUNTER,M15_COUNTER,,,,,,,2026-02-05 00:50:00
2026-02-05 01:21:00,LONG,48.0,20.0,40.0,,RISK_GATE_BAND_DOM,PASS,M5_DIR_MISMATCH(SHORT),M5_DIR_MISMATCH(SHORT),,,,,,,2026-02-05 01:23:00
2026-02-05 01:33:00,SHORT,45.0,19.0,38.0,,RISK_GATE_BAND_DOM,M15_COUNTER,M15_COUNTER,M15_COUNTER,,,,,,,2026-02-05 01:34:00
2026-02-05 02:01:00,SHORT,66.0,13.0,26.0,,STRUCTURE_BREAK,M15_COUNTER,M15_COUNTER,M15_COUNTER,,,,,,,2026-02-05 02:02:00
2026-02-05 02:43:00,SHORT,125.0,12.0,24.0,,NO_CONFIRM,M15_COUNTER,M15_COUNTER,M15_COUNTER,,,,,,,2026-02-05 02:46:00
2026-02-05 04:22:00,LONG,60.0,11.0,22.0,,STRUCTURE_BREAK,PASS,M5_DIR_MISMATCH(SHORT),M5_DIR_MISMATCH(SHORT),,,,,,,2026-02-05 04:23:00
2026-02-05 05:35:00,SHORT,159.0,11.0,22.0,,STRUCTURE_BREAK,M15_FLAT,PASS(STRONG),PASS,,,,,,,2026-02-05 05:36:00
2026-02-05 07:47:00,LONG,0.0,0.0,0.0,,FREEZE_CANCEL,PASS,PASS(STRONG),PASS,,,,,,,
2026-02-05 08:02:00,LONG,84.0,8.0,16.0,,STRUCTURE_BREAK,PASS,PASS(STRONG),PASS,,,,,,,2026-02-05 08:04:00
2026-02-05 08:55:00,LONG,76.0,13.0,26.0,,STRUCTURE_BREAK,PASS,PASS(STRONG),PASS,,,,,,,2026-02-05 08:57:00
2026-02-05 09:12:00,LONG,0.0,0.0,0.0,,FREEZE_CANCEL,PASS,PASS(STRONG),PASS,,,,,,,
2026-02-05 09:56:00,SHORT,0.0,0.0,0.0,,FREEZE_CANCEL,M15_COUNTER,M15_COUNTER,M15_COUNTER,,,,,,,
2026-02-05 12:25:00,SHORT,0.0,0.0,0.0,,FREEZE_CANCEL,M15_COUNTER,M15_COUNTER,M15_COUNTER,,,,,,,
2026-02-05 12:53:00,LONG,80.0,11.0,22.0,,STRUCTURE_BREAK,PASS,PASS(STRONG),PASS,,,,,,,2026-02-05 12:57:00
2026-02-05 14:00:00,LONG,86.0,13.0,26.0,,STRUCTURE_BREAK,PASS,M5_DIR_MISMATCH(SHORT),M5_DIR_MISMATCH(SHORT),,,,,,,2026-02-05 14:01:00
2026-02-05 14:25:00,SHORT,236.0,11.0,22.0,,RETOUCH_TIMEOUT,M15_COUNTER,M15_COUNTER,M15_COUNTER,,,,,,,2026-02-05 14:31:00
2026-02-05 14:46:00,SHORT,138.0,10.0,20.0,,RETOUCH_TIMEOUT,PASS,PASS(STRONG),PASS,,,,,,,2026-02-05 14:49:00
2026-02-05 15:30:00,SHORT,115.0,11.0,22.0,,NO_CONFIRM,PASS,PASS(STRONG),PASS,,,,,,,2026-02-05 15:31:00
2026-02-05 15:50:00,SHORT,0.0,0.0,0.0,,FREEZE_CANCEL,PASS,PASS(STRONG),PASS,,,,,,,
2026-02-05 16:26:00,LONG,147.0,10.0,20.0,,STRUCTURE_BREAK,M15_COUNTER,M15_COUNTER,M15_COUNTER,,,,,,,2026-02-05 16:32:00
2026-02-05 17:00:00,SHORT,293.0,8.0,16.0,,RETOUCH_TIMEOUT,PASS,M5_FLAT,PASS,,,,,,,2026-02-05 17:01:00
2026-02-05 17:31:00,SHORT,203.0,11.0,22.0,,STRUCTURE_BREAK,PASS,M5_DIR_MISMATCH(LONG),M5_DIR_MISMATCH(LONG),,,,,,,2026-02-05 17:35:00
2026-02-05 18:22:00,LONG,95.0,8.0,16.0,,NO_CONFIRM,PASS,PASS(STRONG),PASS,,,,,,,2026-02-05 18:23:00
2026-02-05 19:59:00,SHORT,56.0,12.0,24.0,,RISK_GATE_BAND_DOM,PASS,M5_FLAT,PASS,,,,,,,2026-02-05 20:01:00
2026-02-05 20:27:00,SHORT,0.0,0.0,0.0,,FREEZE_CANCEL,PASS,PASS(STRONG),PASS,,,,,,,
2026-02-05 21:32:00,SHORT,31.0,11.0,22.0,,RISK_GATE_BAND_DOM,PASS,PASS(MID),PASS,,,,,,,2026-02-05 21:33:00
2026-02-05 22:03:00,LONG,0.0,0.0,0.0,,FREEZE_CANCEL,PASS,PASS(STRONG),PASS,,,,,,,
2026-02-05 22:30:00,LONG,0.0,0.0,0.0,,FREEZE_CANCEL,PASS,PASS(STRONG),PASS,,,,,,,
2026-02-05 22:42:00,LONG,52.0,8.0,16.0,,RETOUCH_TIMEOUT,PASS,PASS(STRONG),PASS,,,,,,,2026-02-05 22:45:00
2026-02-05 23:59:00,SHORT,197.0,210.0,420.0,,RISK_GATE_BAND_DOM,M15_COUNTER,M15_COUNTER,M15_COUNTER,,,,,,,2026-02-06 00:04:00
2026-02-06 00:54:00,SHORT,43.0,42.0,84.0,,RISK_GATE_BAND_DOM,M15_COUNTER,M15_COUNTER,M15_COUNTER,,,,,,,2026-02-06 00:56:00
2026-02-06 01:08:00,LONG,31.0,16.0,32.0,,RISK_GATE_BAND_DOM,PASS,M5_DIR_MISMATCH(SHORT),M5_DIR_MISMATCH(SHORT),,,,,,,2026-02-06 01:09:00
2026-02-06 01:22:00,SHORT,0.0,0.0,0.0,,FREEZE_CANCEL,PASS,PASS(STRONG),PASS,,,,,,,
2026-02-06 01:41:00,SHORT,72.0,12.0,24.0,,RETOUCH_TIMEOUT,PASS,PASS(STRONG),PASS,,,,,,,2026-02-06 01:43:00
2026-02-06 02:00:00,SHORT,0.0,0.0,0.0,,FREEZE_CANCEL,PASS,PASS(STRONG),PASS,,,,,,,
2026-02-06 03:02:00,LONG,121.0,14.0,28.0,,STRUCTURE_BREAK,M15_COUNTER,M15_COUNTER,M15_COUNTER,,,,,,,2026-02-06 03:04:00
2026-02-06 03:55:00,LONG,0.0,0.0,0.0,,FREEZE_CANCEL,M15_COUNTER,M15_COUNTER,M15_COUNTER,,,,,,,
2026-02-06 05:27:00,SHORT,33.0,12.0,24.0,,RISK_GATE_BAND_DOM,PASS,M5_DIR_MISMATCH(LONG),M5_DIR_MISMATCH(LONG),,,,,,,2026-02-06 05:28:00
2026-02-06 05:51:00,LONG,66.0,11.0,22.0,,STRUCTURE_BREAK,M15_COUNTER,M15_COUNTER,M15_COUNTER,,,,,,,2026-02-06 05:53:00
2026-02-06 06:07:00,SHORT,30.0,11.0,22.0,,RISK_GATE_BAND_DOM,PASS,PASS(STRONG),PASS,,,,,,,2026-02-06 06:08:00
2026-02-06 06:21:00,LONG,58.0,13.0,26.0,,RISK_GATE_BAND_DOM,M15_COUNTER,M15_COUNTER,M15_COUNTER,,,,,,,2026-02-06 06:23:00
2026-02-06 07:16:00,SHORT,38.0,12.0,24.0,,RISK_GATE_BAND_DOM,PASS,PASS(STRONG),PASS,,,,,,,2026-02-06 07:17:00
2026-02-06 07:35:00,LONG,0.0,0.0,0.0,,FREEZE_CANCEL,M15_COUNTER,M15_COUNTER,M15_COUNTER,,,,,,,
2026-02-06 08:06:00,LONG,75.0,11.0,22.0,,STRUCTURE_BREAK,PASS,PASS(STRONG),PASS,,,,,,,2026-02-06 08:07:00
2026-02-06 09:16:00,LONG,53.0,12.0,24.0,,RISK_GATE_BAND_DOM,M15_FLAT,PASS(STRONG),PASS,,,,,,,2026-02-06 09:18:00
2026-02-06 10:05:00,SHORT,0.0,0.0,0.0,,FREEZE_CANCEL,M15_COUNTER,M15_COUNTER,M15_COUNTER,,,,,,,
2026-02-06 12:26:00,SHORT,0.0,0.0,0.0,,FREEZE_CANCEL,M15_COUNTER,M15_COUNTER,M15_COUNTER,,,,,,,
2026-02-06 12:56:00,SHORT,39.0,11.0,22.0,,RISK_GATE_BAND_DOM,M15_COUNTER,M15_COUNTER,M15_COUNTER,,,,,,,2026-02-06 12:59:00
2026-02-06 13:15:00,LONG,0.0,0.0,0.0,,FREEZE_CANCEL,PASS,PASS(STRONG),PASS,,,,,,,
2026-02-06 15:01:00,SHORT,30.0,11.0,22.0,,RISK_GATE_BAND_DOM,M15_COUNTER,M15_COUNTER,M15_COUNTER,,,,,,,2026-02-06 15:02:00
2026-02-06 15:50:00,SHORT,0.0,0.0,0.0,,FREEZE_CANCEL,M15_FLAT,PASS(STRONG),PASS,,,,,,,
2026-02-06 16:31:00,SHORT,54.0,8.0,16.0,,NO_CONFIRM,PASS,PASS(STRONG),PASS,,,,,,,2026-02-06 16:32:00
2026-02-06 17:00:00,LONG,0.0,0.0,0.0,,FREEZE_CANCEL,PASS,M5_DIR_MISMATCH(SHORT),M5_DIR_MISMATCH(SHORT),,,,,,,
2026-02-06 17:50:00,SHORT,0.0,0.0,0.0,,FREEZE_CANCEL,PASS,M5_DIR_MISMATCH(LONG),M5_DIR_MISMATCH(LONG),,,,,,,
2026-02-06 18:14:00,LONG,0.0,0.0,0.0,,FREEZE_CANCEL,PASS,PASS(STRONG),PASS,,,,,,,
2026-02-06 19:30:00,SHORT,54.0,11.0,22.0,,NO_CONFIRM,M15_COUNTER,M15_COUNTER,M15_COUNTER,,,,,,,2026-02-06 19:32:00
2026-02-06 20:44:00,SHORT,75.0,11.0,22.0,,STRUCTURE_BREAK,M15_COUNTER,M15_COUNTER,M15_COUNTER,,,,,,,2026-02-06 20:47:00
2026-02-06 21:25:00,LONG,49.0,13.0,26.0,,RISK_GATE_BAND_DOM,PASS,PASS(STRONG),PASS,,,,,,,2026-02-06 21:30:00
2026-02-06 22:00:00,SHORT,25.0,11.0,22.0,,RISK_GATE_BAND_DOM,M15_COUNTER,M15_COUNTER,M15_COUNTER,,,,,,,2026-02-06 22:01:00
2026-02-06 22:33:00,LONG,22.0,10.0,20.0,,RISK_GATE_BAND_DOM,PASS,PASS(STRONG),PASS,,,,,,,2026-02-06 22:34:00
2026-02-06 22:53:00,LONG,20.0,8.0,16.0,,RISK_GATE_BAND_DOM,PASS,PASS(STRONG),PASS,,,,,,,2026-02-06 22:54:00
2026-02-06 23:27:00,LONG,0.0,0.0,0.0,,FREEZE_CANCEL,PASS,PASS(STRONG),PASS,,,,,,,
2026-02-09 00:02:00,SHORT,0.0,0.0,0.0,,FREEZE_CANCEL,M15_FLAT,M5_DIR_MISMATCH(LONG),M5_DIR_MISMATCH(LONG),,,,,,,
2026-02-09 00:37:00,SHORT,243.0,106.0,212.0,,RISK_GATE_BAND_DOM,M15_COUNTER,M15_COUNTER,M15_COUNTER,,,,,,,2026-02-09 00:38:00
2026-02-09 00:54:00,SHORT,118.0,49.0,98.0,,RISK_GATE_BAND_DOM,M15_COUNTER,M15_COUNTER,M15_COUNTER,,,,,,,2026-02-09 00:55:00
2026-02-09 01:05:00,LONG,102.0,15.0,30.0,,NO_CONFIRM,PASS,PASS(STRONG),PASS,,,,,,,2026-02-09 01:06:00
2026-02-09 01:31:00,SHORT,269.0,17.0,34.0,,RETOUCH_TIMEOUT,M15_COUNTER,M15_COUNTER,M15_COUNTER,,,,,,,2026-02-09 01:33:00
2026-02-09 01:45:00,SHORT,130.0,15.0,30.0,,RETOUCH_TIMEOUT,M15_COUNTER,M15_COUNTER,M15_COUNTER,,,,,,,2026-02-09 01:46:00
2026-02-09 02:03:00,SHORT,326.0,10.0,20.0,,NO_CONFIRM,PASS,M5_DIR_MISMATCH(LONG),M5_DIR_MISMATCH(LONG),,,,,,,2026-02-09 02:04:00
2026-02-09 03:30:00,SHORT,232.0,12.0,24.0,,STRUCTURE_BREAK,PASS,PASS(STRONG),PASS,,,,,,,2026-02-09 03:31:00
2026-02-09 05:00:00,LONG,56.0,14.0,28.0,,RISK_GATE_BAND_DOM,M15_COUNTER,M15_COUNTER,M15_COUNTER,,,,,,,2026-02-09 05:01:00
2026-02-09 06:17:00,SHORT,0.0,0.0,0.0,,FREEZE_CANCEL,PASS,PASS(STRONG),PASS,,,,,,,
2026-02-09 07:04:00,SHORT,0.0,0.0,0.0,,FREEZE_CANCEL,PASS,PASS(STRONG),PASS,,,,,,,
2026-02-09 07:16:00,SHORT,50.0,13.0,26.0,,RISK_GATE_BAND_DOM,PASS,PASS(STRONG),PASS,,,,,,,2026-02-09 07:17:00
2026-02-09 07:35:00,SHORT,86.0,16.0,32.0,,STRUCTURE_BREAK,PASS,PASS(STRONG),PASS,,,,,,,2026-02-09 07:38:00
2026-02-09 08:00:00,SHORT,278.0,10.0,20.0,,RETOUCH_TIMEOUT,PASS,PASS(STRONG),PASS,,,,,,,2026-02-09 08:01:00
2026-02-09 08:47:00,LONG,96.0,12.0,24.0,,RETOUCH_TIMEOUT,M15_COUNTER,M15_COUNTER,M15_COUNTER,,,,,,,2026-02-09 08:48:00
2026-02-09 09:20:00,SHORT,0.0,0.0,0.0,,FREEZE_CANCEL,PASS,PASS(STRONG),PASS,,,,,,,
2026-02-09 10:19:00,LONG,113.0,11.0,22.0,,NO_CONFIRM,M15_FLAT,PASS(STRONG),PASS,,,,,,,2026-02-09 10:20:00
2026-02-09 10:42:00,SHORT,0.0,0.0,0.0,,FREEZE_CANCEL,PASS,M5_DIR_MISMATCH(LONG),M5_DIR_MISMATCH(LONG),,,,,,,
2026-02-09 10:57:00,SHORT,0.0,0.0,0.0,,FREEZE_CANCEL,PASS,M5_DIR_MISMATCH(LONG),M5_DIR_MISMATCH(LONG),,,,,,,
2026-02-09 11:11:00,SHORT,0.0,0.0,0.0,,FREEZE_CANCEL,PASS,M5_DIR_MISMATCH(LONG),M5_DIR_MISMATCH(LONG),,,,,,,
2026-02-09 12:06:00,SHORT,65.0,8.0,16.0,,STRUCTURE_BREAK,PASS,PASS(STRONG),PASS,,,,,,,2026-02-09 12:07:00
2026-02-09 13:00:00,LONG,75.0,11.0,22.0,,STRUCTURE_BREAK,M15_COUNTER,M15_COUNTER,M15_COUNTER,,,,,,,2026-02-09 13:01:00
2026-02-09 14:18:00,SHORT,60.0,8.0,16.0,,STRUCTURE_BREAK,PASS,PASS(STRONG),PASS,,,,,,,2026-02-09 14:19:00
2026-02-09 15:09:00,SHORT,130.0,10.0,20.0,MicroBreak,,PASS,PASS(STRONG),PASS,156.046,156.278,155.901,UnfavBreak,145.0,156,2026-02-09 15:12:00
2026-02-09 18:43:00,LONG,72.0,8.0,16.0,,STRUCTURE_BREAK,M15_COUNTER,M15_COUNTER,M15_COUNTER,,,,,,,2026-02-09 18:45:00
2026-02-09 19:37:00,SHORT,0.0,0.0,0.0,,FREEZE_CANCEL,PASS,M5_DIR_MISMATCH(LONG),M5_DIR_MISMATCH(LONG),,,,,,,
2026-02-09 19:55:00,SHORT,135.0,10.0,20.0,,RETOUCH_TIMEOUT,PASS,M5_DIR_MISMATCH(LONG),M5_DIR_MISMATCH(LONG),,,,,,,2026-02-09 20:06:00
2026-02-09 20:19:00,LONG,78.0,8.0,16.0,,STRUCTURE_BREAK,M15_COUNTER,M15_COUNTER,M15_COUNTER,,,,,,,2026-02-09 20:22:00
2026-02-09 21:22:00,LONG,41.0,8.0,16.0,,STRUCTURE_BREAK,M15_COUNTER,M15_COUNTER,M15_COUNTER,,,,,,,2026-02-09 21:25:00
2026-02-09 21:33:00,SHORT,130.0,8.0,16.0,,RETOUCH_TIMEOUT,PASS,PASS(STRONG),PASS,,,,,,,2026-02-09 21:39:00
2026-02-09 22:09:00,SHORT,40.0,14.0,28.0,,RISK_GATE_BAND_DOM,PASS,PASS(STRONG),PASS,,,,,,,2026-02-09 22:10:00
2026-02-09 22:30:00,LONG,29.0,11.0,22.0,,RISK_GATE_BAND_DOM,M15_COUNTER,M15_COUNTER,M15_COUNTER,,,,,,,2026-02-09 22:31:00
2026-02-09 23:05:00,LONG,0.0,0.0,0.0,,FREEZE_CANCEL,M15_COUNTER,M15_COUNTER,M15_COUNTER,,,,,,,
2026-02-09 23:17:00,SHORT,0.0,0.0,0.0,,FREEZE_CANCEL,PASS,M5_DIR_MISMATCH(LONG),M5_DIR_MISMATCH(LONG),,,,,,,
2026-02-09 23:59:00,SHORT,146.0,107.0,214.0,,RISK_GATE_BAND_DOM,PASS,M5_DIR_MISMATCH(LONG),M5_DIR_MISMATCH(LONG),,,,,,,2026-02-10 00:06:00
2026-02-10 00:46:00,LONG,70.0,84.0,168.0,,RISK_GATE_BAND_DOM,M15_COUNTER,M15_COUNTER,M15_COUNTER,,,,,,,2026-02-10 00:49:00
2026-02-10 01:00:00,LONG,143.0,17.0,34.0,,RETOUCH_TIMEOUT,M15_COUNTER,M15_COUNTER,M15_COUNTER,,,,,,,2026-02-10 01:02:00
2026-02-10 01:22:00,LONG,0.0,0.0,0.0,,FREEZE_CANCEL,PASS,PASS(STRONG),PASS,,,,,,,
2026-02-10 01:45:00,LONG,0.0,0.0,0.0,,FREEZE_CANCEL,PASS,PASS(STRONG),PASS,,,,,,,
2026-02-10 02:54:00,SHORT,218.0,10.0,20.0,,RETOUCH_TIMEOUT,PASS,M5_DIR_MISMATCH(LONG),M5_DIR_MISMATCH(LONG),,,,,,,2026-02-10 02:56:00
2026-02-10 03:46:00,SHORT,191.0,11.0,22.0,,RETOUCH_TIMEOUT,PASS,PASS(STRONG),PASS,,,,,,,2026-02-10 03:49:00
2026-02-10 04:30:00,SHORT,0.0,0.0,0.0,,FREEZE_CANCEL,PASS,PASS(STRONG),PASS,,,,,,,
2026-02-10 04:48:00,SHORT,0.0,0.0,0.0,,FREEZE_CANCEL,PASS,PASS(STRONG),PASS,,,,,,,
2026-02-10 06:19:00,LONG,89.0,8.0,16.0,,STRUCTURE_BREAK,M15_COUNTER,M15_COUNTER,M15_COUNTER,,,,,,,2026-02-10 06:21:00
2026-02-10 06:59:00,LONG,55.0,10.0,20.0,,STRUCTURE_BREAK,M15_COUNTER,M15_COUNTER,M15_COUNTER,,,,,,,2026-02-10 07:02:00
2026-02-10 07:17:00,SHORT,60.0,8.0,16.0,,STRUCTURE_BREAK,PASS,PASS(STRONG),PASS,,,,,,,2026-02-10 07:19:00
2026-02-10 07:31:00,LONG,0.0,0.0,0.0,,FREEZE_CANCEL,M15_COUNTER,M15_COUNTER,M15_COUNTER,,,,,,,
2026-02-10 07:48:00,LONG,0.0,0.0,0.0,,FREEZE_CANCEL,M15_COUNTER,M15_COUNTER,M15_COUNTER,,,,,,,
2026-02-10 08:36:00,SHORT,75.0,13.0,26.0,,STRUCTURE_BREAK,PASS,M5_DIR_MISMATCH(LONG),M5_DIR_MISMATCH(LONG),,,,,,,2026-02-10 08:38:00
2026-02-10 09:06:00,LONG,0.0,0.0,0.0,,FREEZE_CANCEL,M15_COUNTER,M15_COUNTER,M15_COUNTER,,,,,,,
2026-02-10 10:58:00,LONG,64.0,13.0,26.0,,STRUCTURE_BREAK,M15_COUNTER,M15_COUNTER,M15_COUNTER,,,,,,,2026-02-10 10:59:00
2026-02-10 12:38:00,SHORT,0.0,0.0,0.0,,FREEZE_CANCEL,PASS,PASS(STRONG),PASS,,,,,,,
2026-02-10 13:11:00,SHORT,58.0,10.0,20.0,,STRUCTURE_BREAK,PASS,PASS(STRONG),PASS,,,,,,,2026-02-10 13:13:00
2026-02-10 13:35:00,LONG,0.0,0.0,0.0,,FREEZE_CANCEL,M15_COUNTER,M15_COUNTER,M15_COUNTER,,,,,,,
2026-02-10 14:14:00,LONG,44.0,8.0,16.0,,STRUCTURE_BREAK,M15_COUNTER,M15_COUNTER,M15_COUNTER,,,,,,,2026-02-10 14:15:00
2026-02-10 14:38:00,SHORT,0.0,0.0,0.0,,FREEZE_CANCEL,PASS,M5_DIR_MISMATCH(LONG),M5_DIR_MISMATCH(LONG),,,,,,,
2026-02-10 15:23:00,LONG,0.0,0.0,0.0,,FREEZE_CANCEL,M15_COUNTER,M15_COUNTER,M15_COUNTER,,,,,,,
2026-02-10 15:34:00,SHORT,204.0,8.0,16.0,,RETOUCH_TIMEOUT,PASS,PASS(STRONG),PASS,,,,,,,2026-02-10 15:37:00
2026-02-10 16:07:00,SHORT,147.0,10.0,20.0,,RETOUCH_TIMEOUT,PASS,PASS(STRONG),PASS,,,,,,,2026-02-10 16:10:00
2026-02-10 16:33:00,SHORT,111.0,10.0,20.0,,STRUCTURE_BREAK,PASS,PASS(STRONG),PASS,,,,,,,2026-02-10 16:34:00
2026-02-10 17:15:00,SHORT,97.0,8.0,16.0,,STRUCTURE_BREAK,PASS,PASS(STRONG),PASS,,,,,,,2026-02-10 17:16:00
2026-02-10 17:49:00,SHORT,202.0,8.0,16.0,,NO_CONFIRM,PASS,PASS(STRONG),PASS,,,,,,,2026-02-10 17:51:00
2026-02-10 19:31:00,LONG,0.0,0.0,0.0,,FREEZE_CANCEL,M15_COUNTER,M15_COUNTER,M15_COUNTER,,,,,,,
2026-02-10 21:10:00,LONG,40.0,11.0,22.0,,RISK_GATE_BAND_DOM,M15_COUNTER,M15_COUNTER,M15_COUNTER,,,,,,,2026-02-10 21:11:00
2026-02-10 21:56:00,SHORT,63.0,8.0,16.0,,RETOUCH_TIMEOUT,PASS,PASS(STRONG),PASS,,,,,,,2026-02-10 21:58:00
2026-02-10 22:49:00,LONG,0.0,0.0,0.0,,FREEZE_CANCEL,M15_COUNTER,M15_COUNTER,M15_COUNTER,,,,,,,
2026-02-10 23:30:00,LONG,54.0,10.0,20.0,,STRUCTURE_BREAK,M15_COUNTER,M15_COUNTER,M15_COUNTER,,,,,,,2026-02-10 23:34:00
2026-02-10 23:44:00,LONG,79.0,13.0,26.0,,STRUCTURE_BREAK,M15_COUNTER,M15_COUNTER,M15_COUNTER,,,,,,,2026-02-10 23:46:00
2026-02-11 00:00:00,SHORT,138.0,210.0,420.0,,RISK_GATE_BAND_DOM,PASS,M5_DIR_MISMATCH(LONG),M5_DIR_MISMATCH(LONG),,,,,,,2026-02-11 00:01:00
2026-02-11 00:30:00,LONG,58.0,50.0,100.0,,RISK_GATE_BAND_DOM,M15_COUNTER,M15_COUNTER,M15_COUNTER,,,,,,,2026-02-11 00:35:00
2026-02-11 00:53:00,LONG,18.0,52.0,104.0,,RISK_GATE_BAND_DOM,M15_COUNTER,M15_COUNTER,M15_COUNTER,,,,,,,2026-02-11 00:54:00
2026-02-11 01:05:00,LONG,0.0,0.0,0.0,,FREEZE_CANCEL,M15_COUNTER,M15_COUNTER,M15_COUNTER,,,,,,,
2026-02-11 01:21:00,SHORT,29.0,14.0,28.0,,RISK_GATE_BAND_DOM,PASS,M5_DIR_MISMATCH(LONG),M5_DIR_MISMATCH(LONG),,,,,,,2026-02-11 01:22:00
2026-02-11 02:01:00,SHORT,125.0,8.0,16.0,,RETOUCH_TIMEOUT,PASS,M5_DIR_MISMATCH(LONG),M5_DIR_MISMATCH(LONG),,,,,,,2026-02-11 02:05:00
2026-02-11 02:17:00,SHORT,103.0,11.0,22.0,,RETOUCH_TIMEOUT,PASS,M5_DIR_MISMATCH(LONG),M5_DIR_MISMATCH(LONG),,,,,,,2026-02-11 02:20:00
2026-02-11 03:00:00,SHORT,98.0,8.0,16.0,,RETOUCH_TIMEOUT,PASS,PASS(STRONG),PASS,,,,,,,2026-02-11 03:01:00
2026-02-11 04:01:00,SHORT,63.0,8.0,16.0,,NO_CONFIRM,PASS,PASS(STRONG),PASS,,,,,,,2026-02-11 04:03:00
2026-02-11 04:18:00,SHORT,110.0,8.0,16.0,,RETOUCH_TIMEOUT,PASS,PASS(STRONG),PASS,,,,,,,2026-02-11 04:20:00
2026-02-11 05:40:00,SHORT,76.0,8.0,16.0,,RETOUCH_TIMEOUT,PASS,PASS(STRONG),PASS,,,,,,,2026-02-11 05:41:00
2026-02-11 06:21:00,SHORT,68.0,8.0,16.0,,STRUCTURE_BREAK,PASS,PASS(STRONG),PASS,,,,,,,2026-02-11 06:22:00
2026-02-11 06:50:00,SHORT,121.0,8.0,16.0,,RETOUCH_TIMEOUT,PASS,PASS(STRONG),PASS,,,,,,,2026-02-11 06:55:00
2026-02-11 07:05:00,SHORT,0.0,0.0,0.0,,FREEZE_CANCEL,PASS,PASS(STRONG),PASS,,,,,,,
2026-02-11 07:36:00,SHORT,0.0,0.0,0.0,,FREEZE_CANCEL,PASS,PASS(STRONG),PASS,,,,,,,
2026-02-11 08:24:00,LONG,126.0,12.0,24.0,,NO_CONFIRM,M15_COUNTER,M15_COUNTER,M15_COUNTER,,,,,,,2026-02-11 08:27:00
2026-02-11 08:54:00,SHORT,87.0,8.0,16.0,,STRUCTURE_BREAK,PASS,PASS(STRONG),PASS,,,,,,,2026-02-11 08:55:00
2026-02-11 09:43:00,LONG,0.0,0.0,0.0,,FREEZE_CANCEL,M15_COUNTER,M15_COUNTER,M15_COUNTER,,,,,,,
2026-02-11 10:59:00,SHORT,67.0,8.0,16.0,,STRUCTURE_BREAK,PASS,PASS(MID),PASS,,,,,,,2026-02-11 11:00:00
2026-02-11 11:44:00,SHORT,106.0,11.0,22.0,,STRUCTURE_BREAK,PASS,M5_FLAT,M5_DIR_MISMATCH(LONG),,,,,,,2026-02-11 11:46:00
2026-02-11 12:24:00,SHORT,61.0,10.0,20.0,,STRUCTURE_BREAK,PASS,PASS(MID),PASS,,,,,,,2026-02-11 12:25:00
2026-02-11 12:40:00,LONG,50.0,10.0,20.0,,STRUCTURE_BREAK,M15_COUNTER,M15_COUNTER,M15_COUNTER,,,,,,,2026-02-11 12:41:00
2026-02-11 12:56:00,LONG,78.0,10.0,20.0,,RETOUCH_TIMEOUT,M15_COUNTER,M15_COUNTER,M15_COUNTER,,,,,,,2026-02-11 12:57:00
2026-02-11 13:20:00,SHORT,0.0,0.0,0.0,,FREEZE_CANCEL,PASS,M5_DIR_MISMATCH(LONG),M5_DIR_MISMATCH(LONG),,,,,,,
2026-02-11 14:01:00,LONG,0.0,0.0,0.0,,FREEZE_CANCEL,M15_FLAT,PASS(STRONG),PASS,,,,,,,
2026-02-11 15:28:00,SHORT,104.0,8.0,16.0,,STRUCTURE_BREAK,PASS,M5_DIR_MISMATCH(LONG),M5_DIR_MISMATCH(LONG),,,,,,,2026-02-11 15:30:00
2026-02-11 15:39:00,SHORT,1533.0,8.0,16.0,MicroBreak,,PASS,M5_DIR_MISMATCH(LONG),M5_DIR_MISMATCH(LONG),153.572,154.464,153.44,TrailStop,132.0,62,2026-02-11 15:40:00
2026-02-11 18:51:00,SHORT,0.0,0.0,0.0,,FREEZE_CANCEL,PASS,PASS(STRONG),PASS,,,,,,,
2026-02-11 19:29:00,SHORT,0.0,0.0,0.0,,FREEZE_CANCEL,PASS,PASS(STRONG),PASS,,,,,,,
2026-02-11 20:02:00,LONG,105.0,13.0,26.0,,NO_CONFIRM,M15_COUNTER,M15_COUNTER,M15_COUNTER,,,,,,,2026-02-11 20:03:00
2026-02-11 21:26:00,LONG,0.0,0.0,0.0,,FREEZE_CANCEL,M15_COUNTER,M15_COUNTER,M15_COUNTER,,,,,,,
2026-02-11 22:04:00,LONG,95.0,8.0,16.0,MicroBreak,,M15_COUNTER,M15_COUNTER,M15_COUNTER,153.084,152.954,153.039,UnfavBreak,-45.0,131,2026-02-11 22:06:00
2026-02-12 00:49:00,SHORT,36.0,65.0,130.0,,RISK_GATE_BAND_DOM,PASS,PASS(STRONG),PASS,,,,,,,2026-02-12 00:50:00
2026-02-12 01:00:00,LONG,119.0,23.0,46.0,,RETOUCH_TIMEOUT,M15_FLAT,M5_DIR_MISMATCH(SHORT),M5_DIR_MISMATCH(SHORT),,,,,,,2026-02-12 01:01:00
2026-02-12 01:18:00,SHORT,0.0,0.0,0.0,,FREEZE_CANCEL,PASS,PASS(STRONG),PASS,,,,,,,
2026-02-12 01:44:00,LONG,179.0,13.0,26.0,,STRUCTURE_BREAK,M15_COUNTER,M15_COUNTER,M15_COUNTER,,,,,,,2026-02-12 01:51:00
2026-02-12 02:00:00,SHORT,117.0,10.0,20.0,,STRUCTURE_BREAK,M15_COUNTER,M15_COUNTER,M15_COUNTER,,,,,,,2026-02-12 02:02:00
2026-02-12 02:15:00,SHORT,247.0,8.0,16.0,,RETOUCH_TIMEOUT,M15_FLAT,M5_DIR_MISMATCH(LONG),M5_DIR_MISMATCH(LONG),,,,,,,2026-02-12 02:19:00
2026-02-12 02:51:00,SHORT,185.0,8.0,16.0,,RETOUCH_TIMEOUT,PASS,M5_DIR_MISMATCH(LONG),M5_DIR_MISMATCH(LONG),,,,,,,2026-02-12 02:54:00
2026-02-12 03:38:00,SHORT,264.0,10.0,20.0,,RETOUCH_TIMEOUT,PASS,PASS(STRONG),PASS,,,,,,,2026-02-12 03:43:00
2026-02-12 03:54:00,SHORT,0.0,0.0,0.0,,FREEZE_CANCEL,PASS,PASS(STRONG),PASS,,,,,,,
2026-02-12 04:53:00,SHORT,127.0,8.0,16.0,,RETOUCH_TIMEOUT,PASS,PASS(STRONG),PASS,,,,,,,2026-02-12 04:55:00
2026-02-12 05:53:00,LONG,110.0,8.0,16.0,,STRUCTURE_BREAK,M15_COUNTER,M15_COUNTER,M15_COUNTER,,,,,,,2026-02-12 05:55:00
2026-02-12 06:05:00,LONG,88.0,8.0,16.0,,STRUCTURE_BREAK,M15_COUNTER,M15_COUNTER,M15_COUNTER,,,,,,,2026-02-12 06:06:00
2026-02-12 06:27:00,LONG,149.0,11.0,22.0,,RETOUCH_TIMEOUT,M15_COUNTER,M15_COUNTER,M15_COUNTER,,,,,,,2026-02-12 06:29:00
2026-02-12 07:08:00,LONG,0.0,0.0,0.0,,FREEZE_CANCEL,M15_FLAT,PASS(STRONG),PASS,,,,,,,
2026-02-12 07:23:00,LONG,78.0,8.0,16.0,,RETOUCH_TIMEOUT,PASS,PASS(STRONG),PASS,,,,,,,2026-02-12 07:24:00
2026-02-12 08:05:00,LONG,98.0,11.0,22.0,,STRUCTURE_BREAK,PASS,PASS(STRONG),PASS,,,,,,,2026-02-12 08:06:00
2026-02-12 08:16:00,LONG,329.0,8.0,16.0,,NO_CONFIRM,PASS,PASS(STRONG),PASS,,,,,,,2026-02-12 08:18:00
2026-02-12 08:38:00,SHORT,0.0,0.0,0.0,,FREEZE_CANCEL,M15_COUNTER,M15_COUNTER,M15_COUNTER,,,,,,,
2026-02-12 09:52:00,LONG,0.0,0.0,0.0,,FREEZE_CANCEL,M15_FLAT,M5_FLAT,M5_DIR_MISMATCH(SHORT),,,,,,,
2026-02-12 10:48:00,SHORT,199.0,8.0,16.0,MicroBreak,,PASS,PASS(STRONG),PASS,152.815,153.051,153.035,UnfavBreak,-220.0,60,2026-02-12 10:52:00
2026-02-12 12:14:00,LONG,137.0,8.0,16.0,,STRUCTURE_BREAK,PASS,PASS(STRONG),PASS,,,,,,,2026-02-12 12:17:00
2026-02-12 13:27:00,LONG,95.0,10.0,20.0,,RETOUCH_TIMEOUT,PASS,PASS(STRONG),PASS,,,,,,,2026-02-12 13:30:00
2026-02-12 13:41:00,LONG,0.0,0.0,0.0,,FREEZE_CANCEL,PASS,PASS(STRONG),PASS,,,,,,,
2026-02-12 14:41:00,LONG,115.0,11.0,22.0,,RETOUCH_TIMEOUT,PASS,PASS(STRONG),PASS,,,,,,,2026-02-12 14:45:00
2026-02-12 15:33:00,SHORT,0.0,0.0,0.0,,FREEZE_CANCEL,M15_COUNTER,M15_COUNTER,M15_COUNTER,,,,,,,
2026-02-12 16:07:00,SHORT,0.0,0.0,0.0,,FREEZE_CANCEL,M15_COUNTER,M15_COUNTER,M15_COUNTER,,,,,,,
2026-02-12 17:34:00,LONG,114.0,8.0,16.0,,STRUCTURE_BREAK,M15_COUNTER,M15_COUNTER,M15_COUNTER,,,,,,,2026-02-12 17:35:00
2026-02-12 18:13:00,LONG,289.0,8.0,16.0,,STRUCTURE_BREAK,M15_COUNTER,M15_COUNTER,M15_COUNTER,,,,,,,2026-02-12 18:15:00
2026-02-12 18:36:00,LONG,359.0,8.0,16.0,MicroBreak,,M15_COUNTER,M15_COUNTER,M15_COUNTER,152.727,152.412,152.826,TrailStop,99.0,86,2026-02-12 18:38:00
2026-02-12 20:46:00,LONG,95.0,11.0,22.0,,NO_CONFIRM,M15_FLAT,PASS(STRONG),PASS,,,,,,,2026-02-12 20:47:00
2026-02-12 22:58:00,SHORT,57.0,8.0,16.0,,STRUCTURE_BREAK,PASS,PASS(STRONG),PASS,,,,,,,2026-02-12 23:00:00
2026-02-13 00:08:00,LONG,33.0,85.0,170.0,,RISK_GATE_BAND_DOM,M15_COUNTER,M15_COUNTER,M15_COUNTER,,,,,,,2026-02-13 00:10:00
2026-02-13 00:26:00,LONG,87.0,106.0,212.0,,RISK_GATE_BAND_DOM,M15_COUNTER,M15_COUNTER,M15_COUNTER,,,,,,,2026-02-13 00:27:00
2026-02-13 00:50:00,LONG,61.0,144.0,288.0,,RISK_GATE_BAND_DOM,M15_COUNTER,M15_COUNTER,M15_COUNTER,,,,,,,2026-02-13 00:51:00
2026-02-13 01:06:00,LONG,0.0,0.0,0.0,,FREEZE_CANCEL,M15_COUNTER,M15_COUNTER,M15_COUNTER,,,,,,,
2026-02-13 01:30:00,SHORT,0.0,0.0,0.0,,FREEZE_CANCEL,PASS,M5_DIR_MISMATCH(LONG),M5_DIR_MISMATCH(LONG),,,,,,,
2026-02-13 01:53:00,LONG,101.0,12.0,24.0,MicroBreak,,M15_COUNTER,M15_COUNTER,M15_COUNTER,152.937,152.738,152.738,SL_Hit,-198.6,30,2026-02-13 01:56:00
2026-02-13 02:52:00,SHORT,122.0,10.0,20.0,,STRUCTURE_BREAK,PASS,M5_DIR_MISMATCH(LONG),M5_DIR_MISMATCH(LONG),,,,,,,2026-02-13 02:53:00
2026-02-13 04:15:00,SHORT,92.0,11.0,22.0,,RETOUCH_TIMEOUT,M15_COUNTER,M15_COUNTER,M15_COUNTER,,,,,,,2026-02-13 04:17:00
2026-02-13 05:21:00,SHORT,132.0,10.0,20.0,,RETOUCH_TIMEOUT,M15_COUNTER,M15_COUNTER,M15_COUNTER,,,,,,,2026-02-13 05:23:00
2026-02-13 06:00:00,SHORT,65.0,8.0,16.0,,STRUCTURE_BREAK,PASS,PASS(STRONG),PASS,,,,,,,2026-02-13 06:01:00
2026-02-13 06:30:00,LONG,0.0,0.0,0.0,,FREEZE_CANCEL,PASS,M5_DIR_MISMATCH(SHORT),M5_DIR_MISMATCH(SHORT),,,,,,,
2026-02-13 06:41:00,LONG,0.0,0.0,0.0,,FREEZE_CANCEL,PASS,M5_DIR_MISMATCH(SHORT),M5_DIR_MISMATCH(SHORT),,,,,,,
2026-02-13 07:05:00,LONG,75.0,11.0,22.0,,STRUCTURE_BREAK,PASS,PASS(STRONG),PASS,,,,,,,2026-02-13 07:07:00
2026-02-13 07:26:00,SHORT,47.0,11.0,22.0,,RISK_GATE_BAND_DOM,M15_COUNTER,M15_COUNTER,M15_COUNTER,,,,,,,2026-02-13 07:27:00
2026-02-13 07:49:00,LONG,76.0,8.0,16.0,,STRUCTURE_BREAK,PASS,PASS(STRONG),PASS,,,,,,,2026-02-13 07:50:00
2026-02-13 08:04:00,LONG,90.0,10.0,20.0,,STRUCTURE_BREAK,PASS,PASS(STRONG),PASS,,,,,,,2026-02-13 08:05:00
2026-02-13 08:54:00,LONG,85.0,11.0,22.0,,NO_CONFIRM,PASS,PASS(STRONG),PASS,,,,,,,2026-02-13 08:55:00
2026-02-13 09:12:00,SHORT,0.0,0.0,0.0,,FREEZE_CANCEL,M15_COUNTER,M15_COUNTER,M15_COUNTER,,,,,,,
2026-02-13 09:37:00,LONG,0.0,0.0,0.0,,FREEZE_CANCEL,PASS,PASS(STRONG),PASS,,,,,,,
2026-02-13 10:01:00,LONG,0.0,0.0,0.0,,FREEZE_CANCEL,PASS,PASS(STRONG),PASS,,,,,,,
2026-02-13 10:14:00,SHORT,128.0,8.0,16.0,,STRUCTURE_BREAK,M15_COUNTER,M15_COUNTER,M15_COUNTER,,,,,,,2026-02-13 10:16:00
2026-02-13 10:44:00,LONG,129.0,13.0,26.0,,RETOUCH_TIMEOUT,PASS,PASS(STRONG),PASS,,,,,,,2026-02-13 10:47:00
2026-02-13 11:11:00,LONG,83.0,11.0,22.0,,STRUCTURE_BREAK,PASS,PASS(STRONG),PASS,,,,,,,2026-02-13 11:12:00
2026-02-13 13:02:00,SHORT,74.0,13.0,26.0,,STRUCTURE_BREAK,M15_COUNTER,M15_COUNTER,M15_COUNTER,,,,,,,2026-02-13 13:05:00
2026-02-13 13:14:00,SHORT,56.0,13.0,26.0,,RISK_GATE_BAND_DOM,M15_COUNTER,M15_COUNTER,M15_COUNTER,,,,,,,2026-02-13 13:15:00
2026-02-13 13:38:00,SHORT,0.0,0.0,0.0,,FREEZE_CANCEL,M15_FLAT,PASS(STRONG),PASS,,,,,,,
2026-02-13 15:21:00,LONG,0.0,0.0,0.0,,FREEZE_CANCEL,M15_FLAT,M5_DIR_MISMATCH(SHORT),M5_DIR_MISMATCH(SHORT),,,,,,,
2026-02-13 16:26:00,SHORT,0.0,0.0,0.0,,FREEZE_CANCEL,PASS,PASS(STRONG),PASS,,,,,,,
2026-02-13 17:08:00,LONG,237.0,10.0,20.0,,NO_CONFIRM,M15_COUNTER,M15_COUNTER,M15_COUNTER,,,,,,,2026-02-13 17:12:00
2026-02-13 17:53:00,LONG,194.0,8.0,16.0,Engulfing,,M15_COUNTER,M15_COUNTER,M15_COUNTER,153.084,152.906,152.906,SL_Hit,-177.7,8,2026-02-13 17:54:00
2026-02-13 18:47:00,LONG,84.0,8.0,16.0,,STRUCTURE_BREAK,M15_COUNTER,M15_COUNTER,M15_COUNTER,,,,,,,2026-02-13 18:48:00
2026-02-13 19:13:00,SHORT,0.0,0.0,0.0,,FREEZE_CANCEL,PASS,PASS(STRONG),PASS,,,,,,,
2026-02-13 20:56:00,SHORT,54.0,10.0,20.0,,RETOUCH_TIMEOUT,PASS,M5_DIR_MISMATCH(LONG),M5_DIR_MISMATCH(LONG),,,,,,,2026-02-13 20:58:00
2026-02-13 21:07:00,SHORT,49.0,11.0,22.0,,RISK_GATE_BAND_DOM,PASS,M5_DIR_MISMATCH(LONG),M5_DIR_MISMATCH(LONG),,,,,,,2026-02-13 21:09:00
2026-02-13 21:20:00,SHORT,50.0,11.0,22.0,,RISK_GATE_BAND_DOM,PASS,M5_DIR_MISMATCH(LONG),M5_DIR_MISMATCH(LONG),,,,,,,2026-02-13 21:23:00
2026-02-13 22:00:00,LONG,59.0,11.0,22.0,,STRUCTURE_BREAK,M15_COUNTER,M15_COUNTER,M15_COUNTER,,,,,,,2026-02-13 22:01:00
2026-02-13 22:28:00,SHORT,75.0,8.0,16.0,Engulfing,,PASS,PASS(STRONG),PASS,152.674,152.796,152.606,DataEnd,68.0,58,2026-02-13 22:31:00
